<!--
 Author: Mallikarjunarao Kosuri <venkatamallikarjunarao.kosuri@adtran.com>
 Copyright (C) 2016 Mallikarjunarao Kosuri <venkatamallikarjunarao.kosuri@adtran.com>
-->

<NotepadPlus>
    <UserLang name="Robotframework" ext="robot" udlVersion="2.1">
        <Settings>
            <Global caseIgnored="yes" allowFoldOfComments="no" foldCompact="no" forcePureLC="0" decimalSeparator="0" />
            <Prefix Keywords1="no" Keywords2="yes" Keywords3="no" Keywords4="no" Keywords5="no" Keywords6="no" Keywords7="no" Keywords8="no" />
        </Settings>
        <KeywordLists>
            <Keywords name="Comments">00((# Comment)) 01 02 03 04</Keywords>
            <Keywords name="Numbers, prefix1"></Keywords>
            <Keywords name="Numbers, prefix2"></Keywords>
            <Keywords name="Numbers, extras1"></Keywords>
            <Keywords name="Numbers, extras2"></Keywords>
            <Keywords name="Numbers, suffix1"></Keywords>
            <Keywords name="Numbers, suffix2"></Keywords>
            <Keywords name="Numbers, range"></Keywords>
            <Keywords name="Operators1"></Keywords>
            <Keywords name="Operators2"></Keywords>
            <Keywords name="Folders in code1, open"></Keywords>
            <Keywords name="Folders in code1, middle"></Keywords>
            <Keywords name="Folders in code1, close"></Keywords>
            <Keywords name="Folders in code2, open"></Keywords>
            <Keywords name="Folders in code2, middle"></Keywords>
            <Keywords name="Folders in code2, close"></Keywords>
            <Keywords name="Folders in comment, open"></Keywords>
            <Keywords name="Folders in comment, middle"></Keywords>
            <Keywords name="Folders in comment, close"></Keywords>
            <Keywords name="Keywords1">&quot;Run Keyword If&quot;&#x000D;&#x000D;&#x000A;&quot;Evaluate&quot;&#x000D;&#x000D;&#x000A;&quot;Should Be True&quot;&#x000D;&#x000D;&#x000A;&quot;Should Not Be True&quot;&#x000D;&#x000D;&#x000A;&quot;Should Be Equal&quot;&#x000D;&#x000D;&#x000A;&quot;Should Not Be Equal&quot;&#x000D;&#x000D;&#x000A;&quot;Call Method&quot;&#x000D;&#x000A;&quot;Catenate&quot;&#x000D;&#x000A;&quot;Comment&quot;&#x000D;&#x000A;&quot;Continue For Loop&quot;&#x000D;&#x000A;&quot;Continue For Loop If&quot;&#x000D;&#x000A;&quot;Convert To Binary&quot;&#x000D;&#x000A;&quot;Convert To Boolean&quot;&#x000D;&#x000A;&quot;Convert To Bytes&quot;&#x000D;&#x000A;&quot;Convert To Hex&quot;&#x000D;&#x000A;&quot;Convert To Integer&quot;&#x000D;&#x000A;&quot;Convert To Number&quot;&#x000D;&#x000A;&quot;Convert To Octal&quot;&#x000D;&#x000A;&quot;Convert To String&quot;&#x000D;&#x000A;&quot;Create Dictionary&quot;&#x000D;&#x000A;&quot;Create List&quot;&#x000D;&#x000A;&quot;Evaluate&quot;&#x000D;&#x000A;&quot;Exit For Loop&quot;&#x000D;&#x000A;&quot;Exit For Loop If&quot;&#x000D;&#x000A;&quot;Fail&quot;&#x000D;&#x000A;&quot;Fatal Error&quot;&#x000D;&#x000A;&quot;Get Count&quot;&#x000D;&#x000A;&quot;Get Length&quot;&#x000D;&#x000A;&quot;Get Library Instance&quot;&#x000D;&#x000A;&quot;Get Time&quot;&#x000D;&#x000A;&quot;Get Variable Value&quot;&#x000D;&#x000A;&quot;Get Variables&quot;&#x000D;&#x000A;&quot;Import Library&quot;&#x000D;&#x000A;&quot;Import Resource&quot;&#x000D;&#x000A;&quot;Import Variables&quot;&#x000D;&#x000A;&quot;Keyword Should Exist&quot;&#x000D;&#x000A;&quot;Length Should Be&quot;&#x000D;&#x000A;&quot;Log&quot;&#x000D;&#x000A;&quot;Log Many&quot;&#x000D;&#x000A;&quot;Log To Console&quot;&#x000D;&#x000A;&quot;Log Variables&quot;&#x000D;&#x000A;&quot;No Operation&quot;&#x000D;&#x000A;&quot;Pass Execution&quot;&#x000D;&#x000A;&quot;Pass Execution If&quot;&#x000D;&#x000A;&quot;Regexp Escape&quot;&#x000D;&#x000A;&quot;Reload Library&quot;&#x000D;&#x000A;&quot;Remove Tags&quot;&#x000D;&#x000A;&quot;Repeat Keyword&quot;&#x000D;&#x000A;&quot;Replace Variables&quot;&#x000D;&#x000A;&quot;Return From Keyword&quot;&#x000D;&#x000A;&quot;Return From Keyword If&quot;&#x000D;&#x000A;&quot;Run Keyword&quot;&#x000D;&#x000A;&quot;Run Keyword And Continue On Failure&quot;&#x000D;&#x000A;&quot;Run Keyword And Expect Error&quot;&#x000D;&#x000A;&quot;Run Keyword And Ignore Error&quot;&#x000D;&#x000A;&quot;Run Keyword And Return&quot;&#x000D;&#x000A;&quot;Run Keyword And Return If&quot;&#x000D;&#x000A;&quot;Run Keyword And Return Status&quot;&#x000D;&#x000A;&quot;Run Keyword If&quot;&#x000D;&#x000A;&quot;Run Keyword If All Critical Tests Passed&quot;&#x000D;&#x000A;&quot;Run Keyword If All Tests Passed&quot;&#x000D;&#x000A;&quot;Run Keyword If Any Critical Tests Failed&quot;&#x000D;&#x000A;&quot;Run Keyword If Any Tests Failed&quot;&#x000D;&#x000A;&quot;Run Keyword If Test Failed&quot;&#x000D;&#x000A;&quot;Run Keyword If Test Passed&quot;&#x000D;&#x000A;&quot;Run Keyword If Timeout Occurred&quot;&#x000D;&#x000A;&quot;Run Keyword Unless&quot;&#x000D;&#x000A;&quot;Run Keywords&quot;&#x000D;&#x000A;&quot;Set Global Variable&quot;&#x000D;&#x000A;&quot;Set Library Search Order&quot;&#x000D;&#x000A;&quot;Set Log Level&quot;&#x000D;&#x000A;&quot;Set Suite Documentation&quot;&#x000D;&#x000A;&quot;Set Suite Metadata&quot;&#x000D;&#x000A;&quot;Set Suite Variable&quot;&#x000D;&#x000A;&quot;Set Tags&quot;&#x000D;&#x000A;&quot;Set Test Documentation&quot;&#x000D;&#x000A;&quot;Set Test Message&quot;&#x000D;&#x000A;&quot;Set Test Variable&quot;&#x000D;&#x000A;&quot;Set Variable&quot;&#x000D;&#x000A;&quot;Set Variable If&quot;&#x000D;&#x000A;&quot;Should Be Empty&quot;&#x000D;&#x000A;&quot;Should Be Equal&quot;&#x000D;&#x000A;&quot;Should Be Equal As Integers&quot;&#x000D;&#x000A;&quot;Should Be Equal As Numbers&quot;&#x000D;&#x000A;&quot;Should Be Equal As Strings&quot;&#x000D;&#x000A;&quot;Should Be True&quot;&#x000D;&#x000A;&quot;Should Contain&quot;&#x000D;&#x000A;&quot;Should Contain X Times&quot;&#x000D;&#x000A;&quot;Should End With&quot;&#x000D;&#x000A;&quot;Should Match&quot;&#x000D;&#x000A;&quot;Should Match Regexp&quot;&#x000D;&#x000A;&quot;Should Not Be Empty&quot;&#x000D;&#x000A;&quot;Should Not Be Equal&quot;&#x000D;&#x000A;&quot;Should Not Be Equal As Integers&quot;&#x000D;&#x000A;&quot;Should Not Be Equal As Numbers&quot;&#x000D;&#x000A;&quot;Should Not Be Equal As Strings&quot;&#x000D;&#x000A;&quot;Should Not Be True&quot;&#x000D;&#x000A;&quot;Should Not Contain&quot;&#x000D;&#x000A;&quot;Should Not End With&quot;&#x000D;&#x000A;&quot;Should Not Match&quot;&#x000D;&#x000A;&quot;Should Not Match Regexp&quot;&#x000D;&#x000A;&quot;Should Not Start With&quot;&#x000D;&#x000A;&quot;Should Start With&quot;&#x000D;&#x000A;&quot;Sleep&quot;&#x000D;&#x000A;&quot;Variable Should Exist&quot;&#x000D;&#x000A;&quot;Variable Should Not Exist&quot;&#x000D;&#x000A;&quot;Wait Until Keyword Succeeds&quot;&#x000D;&#x000D;&#x000A;&quot;Convert To Lowercase &quot;&#x000D;&#x000A;&quot;Convert To Uppercase &quot;&#x000D;&#x000A;&quot;Decode Bytes To String &quot;&#x000D;&#x000A;&quot;Encode String To Bytes &quot;&#x000D;&#x000A;&quot;Fetch From Left &quot;&#x000D;&#x000A;&quot;Fetch From Right &quot;&#x000D;&#x000A;&quot;Generate Random String &quot;&#x000D;&#x000A;&quot;Get Line &quot;&#x000D;&#x000A;&quot;Get Line Count &quot;&#x000D;&#x000A;&quot;Get Lines Containing String &quot;&#x000D;&#x000A;&quot;Get Lines Matching Pattern &quot;&#x000D;&#x000A;&quot;Get Lines Matching Regexp &quot;&#x000D;&#x000A;&quot;Get Regexp Matches &quot;&#x000D;&#x000A;&quot;Get Substring &quot;&#x000D;&#x000A;&quot;Remove String &quot;&#x000D;&#x000A;&quot;Remove String Using Regexp &quot;&#x000D;&#x000A;&quot;Replace String &quot;&#x000D;&#x000A;&quot;Replace String Using Regexp &quot;&#x000D;&#x000A;&quot;Should Be Byte String &quot;&#x000D;&#x000A;&quot;Should Be Lowercase &quot;&#x000D;&#x000A;&quot;Should Be String &quot;&#x000D;&#x000A;&quot;Should Be Titlecase &quot;&#x000D;&#x000A;&quot;Should Be Unicode String &quot;&#x000D;&#x000A;&quot;Should Be Uppercase &quot;&#x000D;&#x000A;&quot;Should Not Be String &quot;&#x000D;&#x000A;&quot;Split String &quot;&#x000D;&#x000A;&quot;Split String From Right &quot;&#x000D;&#x000A;&quot;Split String To Characters &quot;&#x000D;&#x000A;&quot;Split To Lines &quot;&#x000D;&#x000D;&#x000A;&quot;Append To List &quot;&#x000D;&#x000A;&quot;Combine Lists &quot;&#x000D;&#x000A;&quot;Convert To Dictionary &quot;&#x000D;&#x000A;&quot;Convert To List &quot;&#x000D;&#x000A;&quot;Copy Dictionary &quot;&#x000D;&#x000A;&quot;Copy List &quot;&#x000D;&#x000A;&quot;Count Values In List &quot;&#x000D;&#x000A;&quot;Dictionaries Should Be Equal &quot;&#x000D;&#x000A;&quot;Dictionary Should Contain Item &quot;&#x000D;&#x000A;&quot;Dictionary Should Contain Key &quot;&#x000D;&#x000A;&quot;Dictionary Should Contain Sub Dictionary &quot;&#x000D;&#x000A;&quot;Dictionary Should Contain Value &quot;&#x000D;&#x000A;&quot;Dictionary Should Not Contain Key &quot;&#x000D;&#x000A;&quot;Dictionary Should Not Contain Value &quot;&#x000D;&#x000A;&quot;Get Dictionary Items &quot;&#x000D;&#x000A;&quot;Get Dictionary Keys &quot;&#x000D;&#x000A;&quot;Get Dictionary Values &quot;&#x000D;&#x000A;&quot;Get From Dictionary &quot;&#x000D;&#x000A;&quot;Get From List &quot;&#x000D;&#x000A;&quot;Get Index From List &quot;&#x000D;&#x000A;&quot;Get Match Count &quot;&#x000D;&#x000A;&quot;Get Matches &quot;&#x000D;&#x000A;&quot;Get Slice From List &quot;&#x000D;&#x000A;&quot;Insert Into List &quot;&#x000D;&#x000A;&quot;Keep In Dictionary &quot;&#x000D;&#x000A;&quot;List Should Contain Sub List &quot;&#x000D;&#x000A;&quot;List Should Contain Value &quot;&#x000D;&#x000A;&quot;List Should Not Contain Duplicates &quot;&#x000D;&#x000A;&quot;List Should Not Contain Value &quot;&#x000D;&#x000A;&quot;Lists Should Be Equal &quot;&#x000D;&#x000A;&quot;Log Dictionary &quot;&#x000D;&#x000A;&quot;Log List &quot;&#x000D;&#x000A;&quot;Pop From Dictionary &quot;&#x000D;&#x000A;&quot;Remove Duplicates &quot;&#x000D;&#x000A;&quot;Remove From Dictionary &quot;&#x000D;&#x000A;&quot;Remove From List &quot;&#x000D;&#x000A;&quot;Remove Values From List &quot;&#x000D;&#x000A;&quot;Reverse List &quot;&#x000D;&#x000A;&quot;Set List Value &quot;&#x000D;&#x000A;&quot;Set To Dictionary &quot;&#x000D;&#x000A;&quot;Should Contain Match &quot;&#x000D;&#x000A;&quot;Should Not Contain Match &quot;&#x000D;&#x000A;&quot;Sort List &quot;&#x000D;&#x000D;&#x000A;&quot;Close All Connections&quot;&#x000D;&#x000A;&quot;Close Connection&quot;&#x000D;&#x000A;&quot;Execute Command&quot;&#x000D;&#x000A;&quot;Login&quot;&#x000D;&#x000A;&quot;Open Connection&quot;&#x000D;&#x000A;&quot;Read&quot;&#x000D;&#x000A;&quot;Read Until&quot;&#x000D;&#x000A;&quot;Read Until Prompt&quot;&#x000D;&#x000A;&quot;Read Until Regexp&quot;&#x000D;&#x000A;&quot;Set Default Log Level&quot;&#x000D;&#x000A;&quot;Set Encoding&quot;&#x000D;&#x000A;&quot;Set Newline&quot;&#x000D;&#x000A;&quot;Set Prompt&quot;&#x000D;&#x000A;&quot;Set Telnetlib Log Level&quot;&#x000D;&#x000A;&quot;Set Timeout&quot;&#x000D;&#x000A;&quot;Switch Connection&quot;&#x000D;&#x000A;&quot;Write&quot;&#x000D;&#x000A;&quot;Write Bare&quot;&#x000D;&#x000A;&quot;Write Control Character&quot;&#x000D;&#x000A;&quot;Write Until Expected Output&quot;&#x000D;&#x000D;&#x000A;&quot;Add Time To Date&quot;&#x000D;&#x000D;&#x000A;&quot;Execute Manual Step&quot;&#x000D;&#x000D;&#x000A;&quot;Append To Environment Variable&quot;&#x000D;&#x000A;&quot;Append To File&quot;&#x000D;&#x000A;&quot;Copy Directory&quot;&#x000D;&#x000A;&quot;Copy File&quot;&#x000D;&#x000A;&quot;Copy Files&quot;&#x000D;&#x000A;&quot;Count Directories In Directory&quot;&#x000D;&#x000A;&quot;Count Files In Directory&quot;&#x000D;&#x000A;&quot;Count Items In Directory&quot;&#x000D;&#x000A;&quot;Create Binary File&quot;&#x000D;&#x000A;&quot;Create Directory&quot;&#x000D;&#x000A;&quot;Create File&quot;&#x000D;&#x000A;&quot;Directory Should Be Empty&quot;&#x000D;&#x000A;&quot;Directory Should Exist&quot;&#x000D;&#x000A;&quot;Directory Should Not Be Empty&quot;&#x000D;&#x000A;&quot;Directory Should Not Exist&quot;&#x000D;&#x000A;&quot;Empty Directory&quot;&#x000D;&#x000A;&quot;Environment Variable Should Be Set&quot;&#x000D;&#x000A;&quot;Environment Variable Should Not Be Set&quot;&#x000D;&#x000A;&quot;File Should Be Empty&quot;&#x000D;&#x000A;&quot;File Should Exist&quot;&#x000D;&#x000A;&quot;File Should Not Be Empty&quot;&#x000D;&#x000A;&quot;File Should Not Exist&quot;&#x000D;&#x000A;&quot;Get Binary File&quot;&#x000D;&#x000A;&quot;Get Environment Variable&quot;&#x000D;&#x000A;&quot;Get Environment Variables&quot;&#x000D;&#x000A;&quot;Get File&quot;&#x000D;&#x000A;&quot;Get File Size&quot;&#x000D;&#x000A;&quot;Get Modified Time&quot;&#x000D;&#x000A;&quot;Grep File&quot;&#x000D;&#x000A;&quot;Join Path&quot;&#x000D;&#x000A;&quot;Join Paths&quot;&#x000D;&#x000A;&quot;List Directories In Directory&quot;&#x000D;&#x000A;&quot;List Directory&quot;&#x000D;&#x000A;&quot;List Files In Directory&quot;&#x000D;&#x000A;&quot;Log Environment Variables&quot;&#x000D;&#x000A;&quot;Log File&quot;&#x000D;&#x000A;&quot;Move Directory&quot;&#x000D;&#x000A;&quot;Move File&quot;&#x000D;&#x000A;&quot;Move Files&quot;&#x000D;&#x000A;&quot;Normalize Path&quot;&#x000D;&#x000A;&quot;Read Process Output&quot;&#x000D;&#x000A;&quot;Remove Directory&quot;&#x000D;&#x000A;&quot;Remove Environment Variable&quot;&#x000D;&#x000A;&quot;Remove File&quot;&#x000D;&#x000A;&quot;Remove Files&quot;&#x000D;&#x000A;&quot;Run&quot;&#x000D;&#x000A;&quot;Run And Return Rc&quot;&#x000D;&#x000A;&quot;Run And Return Rc And Output&quot;&#x000D;&#x000A;&quot;Set Environment Variable&quot;&#x000D;&#x000A;&quot;Set Modified Time&quot;&#x000D;&#x000A;&quot;Should Exist&quot;&#x000D;&#x000A;&quot;Should Not Exist&quot;&#x000D;&#x000A;&quot;Split Extension&quot;&#x000D;&#x000A;&quot;Split Path&quot;&#x000D;&#x000A;&quot;Start Process&quot;&#x000D;&#x000A;&quot;Stop All Processes&quot;&#x000D;&#x000A;&quot;Stop Process&quot;&#x000D;&#x000A;&quot;Switch Process&quot;&#x000D;&#x000A;&quot;Touch&quot;&#x000D;&#x000A;&quot;Wait Until Created&quot;&#x000D;&#x000A;&quot;Wait Until Removed &quot;&#x000D;&#x000A;&quot;Get Selection From User&quot;&#x000D;&#x000A;&quot;Get Value From User&quot;&#x000D;&#x000A;&quot;Pause Execution &quot;&#x000D;&#x000A;&quot;Add Time To Time&quot;&#x000D;&#x000A;&quot;Convert Date&quot;&#x000D;&#x000A;&quot;Convert Time&quot;&#x000D;&#x000A;&quot;Get Current Date&quot;&#x000D;&#x000A;&quot;Subtract Date From Date&quot;&#x000D;&#x000A;&quot;Subtract Time From Date&quot;&#x000D;&#x000A;&quot;Subtract Time From Time &quot;&#x000D;&#x000D;&#x000A;&quot;Get Process Id&quot;&#x000D;&#x000A;&quot;Get Process Object&quot;&#x000D;&#x000A;&quot;Get Process Result&quot;&#x000D;&#x000A;&quot;Is Process Running&quot;&#x000D;&#x000A;&quot;Join Command Line&quot;&#x000D;&#x000A;&quot;Process Should Be Running&quot;&#x000D;&#x000A;&quot;Process Should Be Stopped&quot;&#x000D;&#x000A;&quot;Run Process&quot;&#x000D;&#x000A;&quot;Send Signal To Process&quot;&#x000D;&#x000A;&quot;Split Command Line&quot;&#x000D;&#x000A;&quot;Start Process&quot;&#x000D;&#x000A;&quot;Switch Process&quot;&#x000D;&#x000A;&quot;Terminate All Processes&quot;&#x000D;&#x000A;&quot;Terminate Process&quot;&#x000D;&#x000A;&quot;Wait For Process &quot;&#x000D;&#x000D;&#x000A;&quot;Add Element&quot;&#x000D;&#x000A;&quot;Clear Element&quot;&#x000D;&#x000A;&quot;Copy Element&quot;&#x000D;&#x000A;&quot;Element Attribute Should Be&quot;&#x000D;&#x000A;&quot;Element Attribute Should Match&quot;&#x000D;&#x000A;&quot;Element Should Exist&quot;&#x000D;&#x000A;&quot;Element Should Not Exist&quot;&#x000D;&#x000A;&quot;Element Should Not Have Attribute&quot;&#x000D;&#x000A;&quot;Element Text Should Be&quot;&#x000D;&#x000A;&quot;Element Text Should Match&quot;&#x000D;&#x000A;&quot;Element To String&quot;&#x000D;&#x000A;&quot;Elements Should Be Equal&quot;&#x000D;&#x000A;&quot;Elements Should Match&quot;&#x000D;&#x000A;&quot;Evaluate Xpath&quot;&#x000D;&#x000A;&quot;Get Child Elements&quot;&#x000D;&#x000A;&quot;Get Element&quot;&#x000D;&#x000A;&quot;Get Element Attribute&quot;&#x000D;&#x000A;&quot;Get Element Attributes&quot;&#x000D;&#x000A;&quot;Get Element Count&quot;&#x000D;&#x000A;&quot;Get Element Text&quot;&#x000D;&#x000A;&quot;Get Elements&quot;&#x000D;&#x000A;&quot;Get Elements Texts&quot;&#x000D;&#x000A;&quot;Log Element&quot;&#x000D;&#x000A;&quot;Parse Xml&quot;&#x000D;&#x000A;&quot;Remove Element&quot;&#x000D;&#x000A;&quot;Remove Element Attribute&quot;&#x000D;&#x000A;&quot;Remove Element Attributes&quot;&#x000D;&#x000A;&quot;Remove Elements&quot;&#x000D;&#x000A;&quot;Remove Elements Attribute&quot;&#x000D;&#x000A;&quot;Remove Elements Attributes&quot;&#x000D;&#x000A;&quot;Save Xml&quot;&#x000D;&#x000A;&quot;Set Element Attribute&quot;&#x000D;&#x000A;&quot;Set Element Tag&quot;&#x000D;&#x000A;&quot;Set Element Text&quot;&#x000D;&#x000A;&quot;Set Elements Attribute&quot;&#x000D;&#x000A;&quot;Set Elements Tag&quot;&#x000D;&#x000A;&quot;Set Elements Text&quot;&#x000D;&#x000D;&#x000A;&quot;Set Screenshot Directory&quot;&#x000D;&#x000A;&quot;Take Screenshot&quot;&#x000D;&#x000A;&quot;Take Screenshot Without Embedding &quot;&#x000D;&#x000D;&#x000A;&quot;Library&quot;&#x000D;&#x000A;&quot;Suite Setup&quot;&#x000D;&#x000A;&quot;Suite Teardown&quot;&#x000D;&#x000A;&quot;Documentation&quot;&#x000D;&#x000A;&quot;Metadata&quot;</Keywords>
            <Keywords name="Keywords2"></Keywords>
            <Keywords name="Keywords3"></Keywords>
            <Keywords name="Keywords4"></Keywords>
            <Keywords name="Keywords5"></Keywords>
            <Keywords name="Keywords6"></Keywords>
            <Keywords name="Keywords7"></Keywords>
            <Keywords name="Keywords8"></Keywords>
            <Keywords name="Delimiters">00((${ &amp;{ @{ )) 01 02} 03* 04 05* 06[ 07 08] 09 10 11 12 13 14 15 16 17 18 19 20 21 22 23</Keywords>
        </KeywordLists>
        <Styles>
            <WordsStyle name="DEFAULT" fgColor="000000" bgColor="FFFFFF" fontName="" fontStyle="0" nesting="0" />
            <WordsStyle name="COMMENTS" fgColor="000000" bgColor="FFFFFF" fontName="" fontStyle="0" nesting="0" />
            <WordsStyle name="LINE COMMENTS" fgColor="008000" bgColor="FFFFFF" fontName="" fontStyle="0" nesting="0" />
            <WordsStyle name="NUMBERS" fgColor="000000" bgColor="FFFFFF" fontName="" fontStyle="0" nesting="0" />
            <WordsStyle name="KEYWORDS1" fgColor="0000FF" bgColor="FFFFFF" fontName="" fontStyle="0" nesting="0" />
            <WordsStyle name="KEYWORDS2" fgColor="000000" bgColor="FFFFFF" fontName="" fontStyle="0" nesting="0" />
            <WordsStyle name="KEYWORDS3" fgColor="000000" bgColor="FFFFFF" fontName="" fontStyle="0" nesting="0" />
            <WordsStyle name="KEYWORDS4" fgColor="000000" bgColor="FFFFFF" fontName="" fontStyle="0" nesting="0" />
            <WordsStyle name="KEYWORDS5" fgColor="000000" bgColor="FFFFFF" fontName="" fontStyle="0" nesting="0" />
            <WordsStyle name="KEYWORDS6" fgColor="000000" bgColor="FFFFFF" fontName="" fontStyle="0" nesting="0" />
            <WordsStyle name="KEYWORDS7" fgColor="000000" bgColor="FFFFFF" fontName="" fontStyle="0" nesting="0" />
            <WordsStyle name="KEYWORDS8" fgColor="000000" bgColor="FFFFFF" fontName="" fontStyle="0" nesting="0" />
            <WordsStyle name="OPERATORS" fgColor="000000" bgColor="FFFFFF" fontName="" fontStyle="0" nesting="0" />
            <WordsStyle name="FOLDER IN CODE1" fgColor="000000" bgColor="FFFFFF" fontName="" fontStyle="0" nesting="0" />
            <WordsStyle name="FOLDER IN CODE2" fgColor="000000" bgColor="FFFFFF" fontName="" fontStyle="0" nesting="0" />
            <WordsStyle name="FOLDER IN COMMENT" fgColor="000000" bgColor="FFFFFF" fontName="" fontStyle="0" nesting="0" />
            <WordsStyle name="DELIMITERS1" fgColor="FF8000" bgColor="FFFFFF" fontName="" fontStyle="0" nesting="0" />
            <WordsStyle name="DELIMITERS2" fgColor="000000" bgColor="FFFFFF" fontName="" fontStyle="1" nesting="0" />
            <WordsStyle name="DELIMITERS3" fgColor="000000" bgColor="FFFFFF" fontName="" fontStyle="0" nesting="0" />
            <WordsStyle name="DELIMITERS4" fgColor="000000" bgColor="FFFFFF" fontName="" fontStyle="0" nesting="0" />
            <WordsStyle name="DELIMITERS5" fgColor="000000" bgColor="FFFFFF" fontName="" fontStyle="0" nesting="0" />
            <WordsStyle name="DELIMITERS6" fgColor="000000" bgColor="FFFFFF" fontName="" fontStyle="0" nesting="0" />
            <WordsStyle name="DELIMITERS7" fgColor="000000" bgColor="FFFFFF" fontName="" fontStyle="0" nesting="0" />
            <WordsStyle name="DELIMITERS8" fgColor="000000" bgColor="FFFFFF" fontName="" fontStyle="0" nesting="0" />
        </Styles>
    </UserLang>
</NotepadPlus>
