<?xml version="1.0" encoding="Windows-1252" ?>
    <!--
        @author Mallikarjunarao Kosuri <venkatamallikarjunarao.kosuri@adtran.com>
        @version 1.0
        RF 3.0 Keywords
        Last updated: 1 Jan 2016        
        Instruction to place robotframework.xml
            Enabling auto completion from settings 
            from Settings -> Preferences -> Auto Completion -> Enable Auto-completion on 
            for each input: words from the current document, functions from the current language,
            or both.
            
            The AutoComplete files are located in the "plugins\APIs" folder, 
            to be found in the Notepad++ Install Folder, most often C:\Program Files\Notepad++
    -->
<NotepadPlus>
    <AutoComplete>
        <Environment ignoreCase="yes" startFunc="$" stopFunc="" paramSeparator="" terminal=";" additionalWordChar = " "/>
        <KeyWord name="Add Element" func="yes">
            <Overload retVal="" descr="">
                <Param name="" />
            </Overload>
        </KeyWord>
        <KeyWord name="Add Time To Date" func="yes">
            <Overload retVal="" descr="">
                <Param name="" />
            </Overload>
        </KeyWord>
        <KeyWord name="Add Time To Time" func="yes">
            <Overload retVal="" descr="">
                <Param name="" />
            </Overload>
        </KeyWord>
        <KeyWord name="Append To Environment Variable" func="yes">
            <Overload retVal="" descr="">
                <Param name="" />
            </Overload>
        </KeyWord>
        <KeyWord name="Append To File" func="yes">
            <Overload retVal="" descr="">
                <Param name="" />
            </Overload>
        </KeyWord>
        <KeyWord name="Append To List" func="yes">
            <Overload retVal="" descr="">
                <Param name="list_, *values" />
            </Overload>
        </KeyWord>
        <KeyWord name="Call Method" func="yes">
            <Overload retVal="" descr="">
                <Param name="" />
            </Overload>
        </KeyWord>
        <KeyWord name="Catenate" func="yes">
            <Overload retVal="" descr="">
                <Param name="" />
            </Overload>
        </KeyWord>
        <KeyWord name="Clear Element" func="yes">
            <Overload retVal="" descr="">
                <Param name="" />
            </Overload>
        </KeyWord>
        <KeyWord name="Close All Connections" func="yes">
            <Overload retVal="" descr="">
                <Param name="" />
            </Overload>
        </KeyWord>
        <KeyWord name="Close Connection" func="yes">
            <Overload retVal="" descr="">
                <Param name="" />
            </Overload>
        </KeyWord>
        <KeyWord name="Combine Lists" func="yes">
            <Overload retVal="" descr="">
                <Param name="" />
            </Overload>
        </KeyWord>
        <KeyWord name="Comment" func="yes">
            <Overload retVal="" descr="">
                <Param name="" />
            </Overload>
        </KeyWord>
        <KeyWord name="Continue For Loop If" func="yes">
            <Overload retVal="" descr="">
                <Param name="" />
            </Overload>
        </KeyWord>
        <KeyWord name="Continue For Loop" func="yes">
            <Overload retVal="" descr="">
                <Param name="" />
            </Overload>
        </KeyWord>
        <KeyWord name="Convert Date" func="yes">
            <Overload retVal="" descr="">
                <Param name="" />
            </Overload>
        </KeyWord>
        <KeyWord name="Convert Time" func="yes">
            <Overload retVal="" descr="">
                <Param name="" />
            </Overload>
        </KeyWord>
        <KeyWord name="Convert To Binary" func="yes">
            <Overload retVal="" descr="">
                <Param name="" />
            </Overload>
        </KeyWord>
        <KeyWord name="Convert To Boolean" func="yes">
            <Overload retVal="" descr="">
                <Param name="" />
            </Overload>
        </KeyWord>
        <KeyWord name="Convert To Bytes" func="yes">
            <Overload retVal="" descr="">
                <Param name="" />
            </Overload>
        </KeyWord>
        <KeyWord name="Convert To Dictionary" func="yes">
            <Overload retVal="" descr="">
                <Param name="" />
            </Overload>
        </KeyWord>
        <KeyWord name="Convert To Hex" func="yes">
            <Overload retVal="" descr="">
                <Param name="" />
            </Overload>
        </KeyWord>
        <KeyWord name="Convert To Integer" func="yes">
            <Overload retVal="" descr="">
                <Param name="" />
            </Overload>
        </KeyWord>
        <KeyWord name="Convert To List" func="yes">
            <Overload retVal="" descr="">
                <Param name="" />
            </Overload>
        </KeyWord>
        <KeyWord name="Convert To Lowercase" func="yes">
            <Overload retVal="" descr="">
                <Param name="" />
            </Overload>
        </KeyWord>
        <KeyWord name="Convert To Number" func="yes">
            <Overload retVal="" descr="">
                <Param name="" />
            </Overload>
        </KeyWord>
        <KeyWord name="Convert To Octal" func="yes">
            <Overload retVal="" descr="">
                <Param name="" />
            </Overload>
        </KeyWord>
        <KeyWord name="Convert To String" func="yes">
            <Overload retVal="" descr="">
                <Param name="" />
            </Overload>
        </KeyWord>
        <KeyWord name="Convert To Uppercase" func="yes">
            <Overload retVal="" descr="">
                <Param name="" />
            </Overload>
        </KeyWord>
        <KeyWord name="Copy Dictionary" func="yes">
            <Overload retVal="" descr="">
                <Param name="" />
            </Overload>
        </KeyWord>
        <KeyWord name="Copy Directory" func="yes">
            <Overload retVal="" descr="">
                <Param name="" />
            </Overload>
        </KeyWord>
        <KeyWord name="Copy Element" func="yes">
            <Overload retVal="" descr="">
                <Param name="" />
            </Overload>
        </KeyWord>
        <KeyWord name="Copy File" func="yes">
            <Overload retVal="" descr="">
                <Param name="" />
            </Overload>
        </KeyWord>
        <KeyWord name="Copy Files" func="yes">
            <Overload retVal="" descr="">
                <Param name="" />
            </Overload>
        </KeyWord>
        <KeyWord name="Copy List" func="yes">
            <Overload retVal="" descr="">
                <Param name="" />
            </Overload>
        </KeyWord>
        <KeyWord name="Count Directories In Directory" func="yes">
            <Overload retVal="" descr="">
                <Param name="" />
            </Overload>
        </KeyWord>
        <KeyWord name="Count Files In Directory" func="yes">
            <Overload retVal="" descr="">
                <Param name="" />
            </Overload>
        </KeyWord>
        <KeyWord name="Count Items In Directory" func="yes">
            <Overload retVal="" descr="">
                <Param name="" />
            </Overload>
        </KeyWord>
        <KeyWord name="Count Values In List " func="yes">
            <Overload retVal="" descr="">
                <Param name="" />
            </Overload>
        </KeyWord>
        <KeyWord name="Create Binary File" func="yes">
            <Overload retVal="" descr="">
                <Param name="" />
            </Overload>
        </KeyWord>
        <KeyWord name="Create Dictionary" func="yes">
            <Overload retVal="" descr="">
                <Param name="" />
            </Overload>
        </KeyWord>
        <KeyWord name="Create Directory" func="yes">
            <Overload retVal="" descr="">
                <Param name="" />
            </Overload>
        </KeyWord>
        <KeyWord name="Create File" func="yes">
            <Overload retVal="" descr="">
                <Param name="" />
            </Overload>
        </KeyWord>
        <KeyWord name="Create List" func="yes">
            <Overload retVal="" descr="">
                <Param name="" />
            </Overload>
        </KeyWord>
        <KeyWord name="Decode Bytes To String" func="yes">
            <Overload retVal="" descr="">
                <Param name="" />
            </Overload>
        </KeyWord>
        <KeyWord name="Dictionaries Should Be Equal" func="yes">
            <Overload retVal="" descr="">
                <Param name="" />
            </Overload>
        </KeyWord>
        <KeyWord name="Dictionary Should Contain Item" func="yes">
            <Overload retVal="" descr="">
                <Param name="" />
            </Overload>
        </KeyWord>
        <KeyWord name="Dictionary Should Contain Key" func="yes">
            <Overload retVal="" descr="">
                <Param name="" />
            </Overload>
        </KeyWord>
        <KeyWord name="Dictionary Should Contain Sub Dictionary" func="yes">
            <Overload retVal="" descr="">
                <Param name="" />
            </Overload>
        </KeyWord>
        <KeyWord name="Dictionary Should Contain Value" func="yes">
            <Overload retVal="" descr="">
                <Param name="" />
            </Overload>
        </KeyWord>
        <KeyWord name="Dictionary Should Not Contain Key" func="yes">
            <Overload retVal="" descr="">
                <Param name="" />
            </Overload>
        </KeyWord>
        <KeyWord name="Dictionary Should Not Contain Value" func="yes">
            <Overload retVal="" descr="">
                <Param name="" />
            </Overload>
        </KeyWord>
        <KeyWord name="Directory Should Be Empty" func="yes">
            <Overload retVal="" descr="">
                <Param name="" />
            </Overload>
        </KeyWord>
        <KeyWord name="Directory Should Exist" func="yes">
            <Overload retVal="" descr="">
                <Param name="" />
            </Overload>
        </KeyWord>
        <KeyWord name="Directory Should Not Be Empty" func="yes">
            <Overload retVal="" descr="">
                <Param name="" />
            </Overload>
        </KeyWord>
        <KeyWord name="Directory Should Not Exist" func="yes">
            <Overload retVal="" descr="">
                <Param name="" />
            </Overload>
        </KeyWord>
        <KeyWord name="Element Attribute Should Be" func="yes">
            <Overload retVal="" descr="">
                <Param name="" />
            </Overload>
        </KeyWord>
        <KeyWord name="Element Attribute Should Match" func="yes">
            <Overload retVal="" descr="">
                <Param name="" />
            </Overload>
        </KeyWord>
        <KeyWord name="Element Should Exist" func="yes">
            <Overload retVal="" descr="">
                <Param name="" />
            </Overload>
        </KeyWord>
        <KeyWord name="Element Should Not Exist" func="yes">
            <Overload retVal="" descr="">
                <Param name="" />
            </Overload>
        </KeyWord>
        <KeyWord name="Element Should Not Have Attribute" func="yes">
            <Overload retVal="" descr="">
                <Param name="" />
            </Overload>
        </KeyWord>
        <KeyWord name="Element Text Should Be" func="yes">
            <Overload retVal="" descr="">
                <Param name="" />
            </Overload>
        </KeyWord>
        <KeyWord name="Element Text Should Match" func="yes">
            <Overload retVal="" descr="">
                <Param name="" />
            </Overload>
        </KeyWord>
        <KeyWord name="Element To String" func="yes">
            <Overload retVal="" descr="">
                <Param name="" />
            </Overload>
        </KeyWord>
        <KeyWord name="Elements Should Be Equal" func="yes">
            <Overload retVal="" descr="">
                <Param name="" />
            </Overload>
        </KeyWord>
        <KeyWord name="Elements Should Match" func="yes">
            <Overload retVal="" descr="">
                <Param name="" />
            </Overload>
        </KeyWord>
        <KeyWord name="Empty Directory" func="yes">
            <Overload retVal="" descr="">
                <Param name="" />
            </Overload>
        </KeyWord>
        <KeyWord name="Encode String To Bytes" func="yes">
            <Overload retVal="" descr="">
                <Param name="" />
            </Overload>
        </KeyWord>
        <KeyWord name="Environment Variable Should Be Set" func="yes">
            <Overload retVal="" descr="">
                <Param name="" />
            </Overload>
        </KeyWord>
        <KeyWord name="Environment Variable Should Not Be Set" func="yes">
            <Overload retVal="" descr="">
                <Param name="" />
            </Overload>
        </KeyWord>
        <KeyWord name="Evaluate Xpath" func="yes">
            <Overload retVal="" descr="">
                <Param name="" />
            </Overload>
        </KeyWord>
        <KeyWord name="Evaluate" func="yes">
            <Overload retVal="" descr="">
                <Param name="" />
            </Overload>
        </KeyWord>
        <KeyWord name="Evaluate" func="yes">
            <Overload retVal="" descr="">
                <Param name="" />
            </Overload>
        </KeyWord>
        <KeyWord name="Execute Command" func="yes">
            <Overload retVal="" descr="">
                <Param name="" />
            </Overload>
        </KeyWord>
        <KeyWord name="Execute Manual Step" func="yes">
            <Overload retVal="" descr="">
                <Param name="" />
            </Overload>
        </KeyWord>
        <KeyWord name="Exit For Loop If" func="yes">
            <Overload retVal="" descr="">
                <Param name="" />
            </Overload>
        </KeyWord>
        <KeyWord name="Exit For Loop" func="yes">
            <Overload retVal="" descr="">
                <Param name="" />
            </Overload>
        </KeyWord>
        <KeyWord name="Fail" func="yes">
            <Overload retVal="" descr="">
                <Param name="" />
            </Overload>
        </KeyWord>
        <KeyWord name="Fatal Error" func="yes">
            <Overload retVal="" descr="">
                <Param name="" />
            </Overload>
        </KeyWord>
        <KeyWord name="Fetch From Left" func="yes">
            <Overload retVal="" descr="">
                <Param name="" />
            </Overload>
        </KeyWord>
        <KeyWord name="Fetch From Right" func="yes">
            <Overload retVal="" descr="">
                <Param name="" />
            </Overload>
        </KeyWord>
        <KeyWord name="File Should Be Empty" func="yes">
            <Overload retVal="" descr="">
                <Param name="" />
            </Overload>
        </KeyWord>
        <KeyWord name="File Should Exist" func="yes">
            <Overload retVal="" descr="">
                <Param name="" />
            </Overload>
        </KeyWord>
        <KeyWord name="File Should Not Be Empty" func="yes">
            <Overload retVal="" descr="">
                <Param name="" />
            </Overload>
        </KeyWord>
        <KeyWord name="File Should Not Exist" func="yes">
            <Overload retVal="" descr="">
                <Param name="" />
            </Overload>
        </KeyWord>
        <KeyWord name="Generate Random String" func="yes">
            <Overload retVal="" descr="">
                <Param name="" />
            </Overload>
        </KeyWord>
        <KeyWord name="Get Binary File" func="yes">
            <Overload retVal="" descr="">
                <Param name="" />
            </Overload>
        </KeyWord>
        <KeyWord name="Get Child Elements" func="yes">
            <Overload retVal="" descr="">
                <Param name="" />
            </Overload>
        </KeyWord>
        <KeyWord name="Get Count" func="yes">
            <Overload retVal="" descr="">
                <Param name="" />
            </Overload>
        </KeyWord>
        <KeyWord name="Get Current Date" func="yes">
            <Overload retVal="" descr="">
                <Param name="" />
            </Overload>
        </KeyWord>
        <KeyWord name="Get Dictionary Items" func="yes">
            <Overload retVal="" descr="">
                <Param name="" />
            </Overload>
        </KeyWord>
        <KeyWord name="Get Dictionary Keys" func="yes">
            <Overload retVal="" descr="">
                <Param name="" />
            </Overload>
        </KeyWord>
        <KeyWord name="Get Dictionary Values" func="yes">
            <Overload retVal="" descr="">
                <Param name="" />
            </Overload>
        </KeyWord>
        <KeyWord name="Get Element Attribute" func="yes">
            <Overload retVal="" descr="">
                <Param name="" />
            </Overload>
        </KeyWord>
        <KeyWord name="Get Element Attributes" func="yes">
            <Overload retVal="" descr="">
                <Param name="" />
            </Overload>
        </KeyWord>
        <KeyWord name="Get Element Count" func="yes">
            <Overload retVal="" descr="">
                <Param name="" />
            </Overload>
        </KeyWord>
        <KeyWord name="Get Element Text" func="yes">
            <Overload retVal="" descr="">
                <Param name="" />
            </Overload>
        </KeyWord>
        <KeyWord name="Get Element" func="yes">
            <Overload retVal="" descr="">
                <Param name="" />
            </Overload>
        </KeyWord>
        <KeyWord name="Get Elements Texts" func="yes">
            <Overload retVal="" descr="">
                <Param name="" />
            </Overload>
        </KeyWord>
        <KeyWord name="Get Elements" func="yes">
            <Overload retVal="" descr="">
                <Param name="" />
            </Overload>
        </KeyWord>
        <KeyWord name="Get Environment Variable" func="yes">
            <Overload retVal="" descr="">
                <Param name="" />
            </Overload>
        </KeyWord>
        <KeyWord name="Get Environment Variables" func="yes">
            <Overload retVal="" descr="">
                <Param name="" />
            </Overload>
        </KeyWord>
        <KeyWord name="Get File Size" func="yes">
            <Overload retVal="" descr="">
                <Param name="" />
            </Overload>
        </KeyWord>
        <KeyWord name="Get File" func="yes">
            <Overload retVal="" descr="">
                <Param name="" />
            </Overload>
        </KeyWord>
        <KeyWord name="Get From Dictionary" func="yes">
            <Overload retVal="" descr="">
                <Param name="" />
            </Overload>
        </KeyWord>
        <KeyWord name="Get From List" func="yes">
            <Overload retVal="" descr="">
                <Param name="" />
            </Overload>
        </KeyWord>
        <KeyWord name="Get Index From List" func="yes">
            <Overload retVal="" descr="">
                <Param name="" />
            </Overload>
        </KeyWord>
        <KeyWord name="Get Length" func="yes">
            <Overload retVal="" descr="">
                <Param name="" />
            </Overload>
        </KeyWord>
        <KeyWord name="Get Library Instance" func="yes">
            <Overload retVal="" descr="">
                <Param name="" />
            </Overload>
        </KeyWord>
        <KeyWord name="Get Line" func="yes">
            <Overload retVal="" descr="">
                <Param name="" />
            </Overload>
        </KeyWord>
        <KeyWord name="Get Line Count" func="yes">
            <Overload retVal="" descr="">
                <Param name="" />
            </Overload>
        </KeyWord>
        <KeyWord name="Get Lines Containing String" func="yes">
            <Overload retVal="" descr="">
                <Param name="" />
            </Overload>
        </KeyWord>
        <KeyWord name="Get Lines Matching Pattern" func="yes">
            <Overload retVal="" descr="">
                <Param name="" />
            </Overload>
        </KeyWord>
        <KeyWord name="Get Lines Matching Regexp" func="yes">
            <Overload retVal="" descr="">
                <Param name="" />
            </Overload>
        </KeyWord>
        <KeyWord name="Get Match Count" func="yes">
            <Overload retVal="" descr="">
                <Param name="" />
            </Overload>
        </KeyWord>
        <KeyWord name="Get Matches" func="yes">
            <Overload retVal="" descr="">
                <Param name="" />
            </Overload>
        </KeyWord>
        <KeyWord name="Get Modified Time" func="yes">
            <Overload retVal="" descr="">
                <Param name="" />
            </Overload>
        </KeyWord>
        <KeyWord name="Get Process Id" func="yes">
            <Overload retVal="" descr="">
                <Param name="" />
            </Overload>
        </KeyWord>
        <KeyWord name="Get Process Object" func="yes">
            <Overload retVal="" descr="">
                <Param name="" />
            </Overload>
        </KeyWord>
        <KeyWord name="Get Process Result" func="yes">
            <Overload retVal="" descr="">
                <Param name="" />
            </Overload>
        </KeyWord>
        <KeyWord name="Get Regexp Matches" func="yes">
            <Overload retVal="" descr="">
                <Param name="" />
            </Overload>
        </KeyWord>
        <KeyWord name="Get Selection From User" func="yes">
            <Overload retVal="" descr="">
                <Param name="" />
            </Overload>
        </KeyWord>
        <KeyWord name="Get Slice From List" func="yes">
            <Overload retVal="" descr="">
                <Param name="" />
            </Overload>
        </KeyWord>
        <KeyWord name="Get Substring" func="yes">
            <Overload retVal="" descr="">
                <Param name="" />
            </Overload>
        </KeyWord>
        <KeyWord name="Get Time" func="yes">
            <Overload retVal="" descr="">
                <Param name="" />
            </Overload>
        </KeyWord>
        <KeyWord name="Get Value From User" func="yes">
            <Overload retVal="" descr="">
                <Param name="" />
            </Overload>
        </KeyWord>
        <KeyWord name="Get Variable Value" func="yes">
            <Overload retVal="" descr="">
                <Param name="" />
            </Overload>
        </KeyWord>
        <KeyWord name="Get Variables" func="yes">
            <Overload retVal="" descr="">
                <Param name="" />
            </Overload>
        </KeyWord>
        <KeyWord name="Grep File" func="yes">
            <Overload retVal="" descr="">
                <Param name="" />
            </Overload>
        </KeyWord>
        <KeyWord name="Import Library" func="yes">
            <Overload retVal="" descr="">
                <Param name="" />
            </Overload>
        </KeyWord>
        <KeyWord name="Import Resource" func="yes">
            <Overload retVal="" descr="">
                <Param name="" />
            </Overload>
        </KeyWord>
        <KeyWord name="Import Variables" func="yes">
            <Overload retVal="" descr="">
                <Param name="" />
            </Overload>
        </KeyWord>
        <KeyWord name="Insert Into List " func="yes">
            <Overload retVal="" descr="">
                <Param name="" />
            </Overload>
        </KeyWord>
        <KeyWord name="Is Process Running" func="yes">
            <Overload retVal="" descr="">
                <Param name="" />
            </Overload>
        </KeyWord>
        <KeyWord name="Join Command Line" func="yes">
            <Overload retVal="" descr="">
                <Param name="" />
            </Overload>
        </KeyWord>
        <KeyWord name="Join Path" func="yes">
            <Overload retVal="" descr="">
                <Param name="" />
            </Overload>
        </KeyWord>
        <KeyWord name="Join Paths" func="yes">
            <Overload retVal="" descr="">
                <Param name="" />
            </Overload>
        </KeyWord>
        <KeyWord name="Keep In Dictionary " func="yes">
            <Overload retVal="" descr="">
                <Param name="" />
            </Overload>
        </KeyWord>
        <KeyWord name="Keyword Should Exist" func="yes">
            <Overload retVal="" descr="">
                <Param name="" />
            </Overload>
        </KeyWord>
        <KeyWord name="Length Should Be" func="yes">
            <Overload retVal="" descr="">
                <Param name="" />
            </Overload>
        </KeyWord>
        <KeyWord name="List Directories In Directory" func="yes">
            <Overload retVal="" descr="">
                <Param name="" />
            </Overload>
        </KeyWord>
        <KeyWord name="List Directory" func="yes">
            <Overload retVal="" descr="">
                <Param name="" />
            </Overload>
        </KeyWord>
        <KeyWord name="List Files In Directory" func="yes">
            <Overload retVal="" descr="">
                <Param name="" />
            </Overload>
        </KeyWord>
        <KeyWord name="List Should Contain Sub List" func="yes">
            <Overload retVal="" descr="">
                <Param name="" />
            </Overload>
        </KeyWord>
        <KeyWord name="List Should Contain Value " func="yes">
            <Overload retVal="" descr="">
                <Param name="" />
            </Overload>
        </KeyWord>
        <KeyWord name="List Should Not Contain Duplicates " func="yes">
            <Overload retVal="" descr="">
                <Param name="" />
            </Overload>
        </KeyWord>
        <KeyWord name="List Should Not Contain Value " func="yes">
            <Overload retVal="" descr="">
                <Param name="" />
            </Overload>
        </KeyWord>
        <KeyWord name="Lists Should Be Equal" func="yes">
            <Overload retVal="" descr="">
                <Param name="" />
            </Overload>
        </KeyWord>
        <KeyWord name="Log Dictionary" func="yes">
            <Overload retVal="" descr="">
                <Param name="" />
            </Overload>
        </KeyWord>
        <KeyWord name="Log Element" func="yes">
            <Overload retVal="" descr="">
                <Param name="" />
            </Overload>
        </KeyWord>
        <KeyWord name="Log Environment Variables" func="yes">
            <Overload retVal="" descr="">
                <Param name="" />
            </Overload>
        </KeyWord>
        <KeyWord name="Log File" func="yes">
            <Overload retVal="" descr="">
                <Param name="" />
            </Overload>
        </KeyWord>
        <KeyWord name="Log List" func="yes">
            <Overload retVal="" descr="">
                <Param name="" />
            </Overload>
        </KeyWord>
        <KeyWord name="Log Many" func="yes">
            <Overload retVal="" descr="">
                <Param name="" />
            </Overload>
        </KeyWord>
        <KeyWord name="Log To Console" func="yes">
            <Overload retVal="" descr="">
                <Param name="" />
            </Overload>
        </KeyWord>
        <KeyWord name="Log Variables" func="yes">
            <Overload retVal="" descr="">
                <Param name="" />
            </Overload>
        </KeyWord>
        <KeyWord name="Log" func="yes">
            <Overload retVal="" descr="">
                <Param name="" />
            </Overload>
        </KeyWord>
        <KeyWord name="Login" func="yes">
            <Overload retVal="" descr="">
                <Param name="" />
            </Overload>
        </KeyWord>
        <KeyWord name="Move Directory" func="yes">
            <Overload retVal="" descr="">
                <Param name="" />
            </Overload>
        </KeyWord>
        <KeyWord name="Move File" func="yes">
            <Overload retVal="" descr="">
                <Param name="" />
            </Overload>
        </KeyWord>
        <KeyWord name="Move Files" func="yes">
            <Overload retVal="" descr="">
                <Param name="" />
            </Overload>
        </KeyWord>
        <KeyWord name="No Operation" func="yes">
            <Overload retVal="" descr="">
                <Param name="" />
            </Overload>
        </KeyWord>
        <KeyWord name="Normalize Path" func="yes">
            <Overload retVal="" descr="">
                <Param name="" />
            </Overload>
        </KeyWord>
        <KeyWord name="Open Connection" func="yes">
            <Overload retVal="" descr="">
                <Param name="" />
            </Overload>
        </KeyWord>
        <KeyWord name="Parse Xml" func="yes">
            <Overload retVal="" descr="">
                <Param name="" />
            </Overload>
        </KeyWord>
        <KeyWord name="Pass Execution If" func="yes">
            <Overload retVal="" descr="">
                <Param name="" />
            </Overload>
        </KeyWord>
        <KeyWord name="Pass Execution" func="yes">
            <Overload retVal="" descr="">
                <Param name="" />
            </Overload>
        </KeyWord>
        <KeyWord name="Pause Execution" func="yes">
            <Overload retVal="" descr="">
                <Param name="" />
            </Overload>
        </KeyWord>
        <KeyWord name="Pop From Dictionary" func="yes">
            <Overload retVal="" descr="">
                <Param name="" />
            </Overload>
        </KeyWord>
        <KeyWord name="Process Should Be Running" func="yes">
            <Overload retVal="" descr="">
                <Param name="" />
            </Overload>
        </KeyWord>
        <KeyWord name="Process Should Be Stopped" func="yes">
            <Overload retVal="" descr="">
                <Param name="" />
            </Overload>
        </KeyWord>
        <KeyWord name="Read Process Output" func="yes">
            <Overload retVal="" descr="">
                <Param name="" />
            </Overload>
        </KeyWord>
        <KeyWord name="Read Until Prompt" func="yes">
            <Overload retVal="" descr="">
                <Param name="" />
            </Overload>
        </KeyWord>
        <KeyWord name="Read Until Regexp" func="yes">
            <Overload retVal="" descr="">
                <Param name="" />
            </Overload>
        </KeyWord>
        <KeyWord name="Read Until" func="yes">
            <Overload retVal="" descr="">
                <Param name="" />
            </Overload>
        </KeyWord>
        <KeyWord name="Read" func="yes">
            <Overload retVal="" descr="">
                <Param name="" />
            </Overload>
        </KeyWord>
        <KeyWord name="Regexp Escape" func="yes">
            <Overload retVal="" descr="">
                <Param name="" />
            </Overload>
        </KeyWord>
        <KeyWord name="Reload Library" func="yes">
            <Overload retVal="" descr="">
                <Param name="" />
            </Overload>
        </KeyWord>
        <KeyWord name="Remove Directory" func="yes">
            <Overload retVal="" descr="">
                <Param name="" />
            </Overload>
        </KeyWord>
        <KeyWord name="Remove Duplicates" func="yes">
            <Overload retVal="" descr="">
                <Param name="" />
            </Overload>
        </KeyWord>
        <KeyWord name="Remove Element Attribute" func="yes">
            <Overload retVal="" descr="">
                <Param name="" />
            </Overload>
        </KeyWord>
        <KeyWord name="Remove Element Attributes" func="yes">
            <Overload retVal="" descr="">
                <Param name="" />
            </Overload>
        </KeyWord>
        <KeyWord name="Remove Element" func="yes">
            <Overload retVal="" descr="">
                <Param name="" />
            </Overload>
        </KeyWord>
        <KeyWord name="Remove Elements Attribute" func="yes">
            <Overload retVal="" descr="">
                <Param name="" />
            </Overload>
        </KeyWord>
        <KeyWord name="Remove Elements Attributes" func="yes">
            <Overload retVal="" descr="">
                <Param name="" />
            </Overload>
        </KeyWord>
        <KeyWord name="Remove Elements" func="yes">
            <Overload retVal="" descr="">
                <Param name="" />
            </Overload>
        </KeyWord>
        <KeyWord name="Remove Environment Variable" func="yes">
            <Overload retVal="" descr="">
                <Param name="" />
            </Overload>
        </KeyWord>
        <KeyWord name="Remove File" func="yes">
            <Overload retVal="" descr="">
                <Param name="" />
            </Overload>
        </KeyWord>
        <KeyWord name="Remove Files" func="yes">
            <Overload retVal="" descr="">
                <Param name="" />
            </Overload>
        </KeyWord>
        <KeyWord name="Remove From Dictionary" func="yes">
            <Overload retVal="" descr="">
                <Param name="" />
            </Overload>
        </KeyWord>
        <KeyWord name="Remove From List" func="yes">
            <Overload retVal="" descr="">
                <Param name="" />
            </Overload>
        </KeyWord>
        <KeyWord name="Remove String" func="yes">
            <Overload retVal="" descr="">
                <Param name="" />
            </Overload>
        </KeyWord>
        <KeyWord name="Remove String Using Regexp" func="yes">
            <Overload retVal="" descr="">
                <Param name="" />
            </Overload>
        </KeyWord>
        <KeyWord name="Remove Tags" func="yes">
            <Overload retVal="" descr="">
                <Param name="" />
            </Overload>
        </KeyWord>
        <KeyWord name="Remove Values From List" func="yes">
            <Overload retVal="" descr="">
                <Param name="" />
            </Overload>
        </KeyWord>
        <KeyWord name="Repeat Keyword" func="yes">
            <Overload retVal="" descr="">
                <Param name="" />
            </Overload>
        </KeyWord>
        <KeyWord name="Replace String" func="yes">
            <Overload retVal="" descr="">
                <Param name="" />
            </Overload>
        </KeyWord>
        <KeyWord name="Replace String Using Regexp" func="yes">
            <Overload retVal="" descr="">
                <Param name="" />
            </Overload>
        </KeyWord>
        <KeyWord name="Replace Variables" func="yes">
            <Overload retVal="" descr="">
                <Param name="" />
            </Overload>
        </KeyWord>
        <KeyWord name="Return From Keyword If" func="yes">
            <Overload retVal="" descr="">
                <Param name="" />
            </Overload>
        </KeyWord>
        <KeyWord name="Return From Keyword" func="yes">
            <Overload retVal="" descr="">
                <Param name="" />
            </Overload>
        </KeyWord>
        <KeyWord name="Reverse List" func="yes">
            <Overload retVal="" descr="">
                <Param name="" />
            </Overload>
        </KeyWord>
        <KeyWord name="Run And Return Rc And Output" func="yes">
            <Overload retVal="" descr="">
                <Param name="" />
            </Overload>
        </KeyWord>
        <KeyWord name="Run And Return Rc" func="yes">
            <Overload retVal="" descr="">
                <Param name="" />
            </Overload>
        </KeyWord>
        <KeyWord name="Run Keyword And Continue On Failure" func="yes">
            <Overload retVal="" descr="">
                <Param name="" />
            </Overload>
        </KeyWord>
        <KeyWord name="Run Keyword And Expect Error" func="yes">
            <Overload retVal="" descr="">
                <Param name="" />
            </Overload>
        </KeyWord>
        <KeyWord name="Run Keyword And Ignore Error" func="yes">
            <Overload retVal="" descr="">
                <Param name="" />
            </Overload>
        </KeyWord>
        <KeyWord name="Run Keyword And Return If" func="yes">
            <Overload retVal="" descr="">
                <Param name="" />
            </Overload>
        </KeyWord>
        <KeyWord name="Run Keyword And Return Status" func="yes">
            <Overload retVal="" descr="">
                <Param name="" />
            </Overload>
        </KeyWord>
        <KeyWord name="Run Keyword And Return" func="yes">
            <Overload retVal="" descr="">
                <Param name="" />
            </Overload>
        </KeyWord>
        <KeyWord name="Run Keyword If All Critical Tests Passed" func="yes">
            <Overload retVal="" descr="">
                <Param name="" />
            </Overload>
        </KeyWord>
        <KeyWord name="Run Keyword If All Tests Passed" func="yes">
            <Overload retVal="" descr="">
                <Param name="" />
            </Overload>
        </KeyWord>
        <KeyWord name="Run Keyword If Any Critical Tests Failed" func="yes">
            <Overload retVal="" descr="">
                <Param name="" />
            </Overload>
        </KeyWord>
        <KeyWord name="Run Keyword If Any Tests Failed" func="yes">
            <Overload retVal="" descr="">
                <Param name="" />
            </Overload>
        </KeyWord>
        <KeyWord name="Run Keyword If Test Failed" func="yes">
            <Overload retVal="" descr="">
                <Param name="" />
            </Overload>
        </KeyWord>
        <KeyWord name="Run Keyword If Test Passed" func="yes">
            <Overload retVal="" descr="">
                <Param name="" />
            </Overload>
        </KeyWord>
        <KeyWord name="Run Keyword If Timeout Occurred" func="yes">
            <Overload retVal="" descr="">
                <Param name="" />
            </Overload>
        </KeyWord>
        <KeyWord name="Run Keyword If" func="yes">
            <Overload retVal="" descr="">
                <Param name="" />
            </Overload>
        </KeyWord>
        <KeyWord name="Run Keyword If" func="yes">
            <Overload retVal="" descr="">
                <Param name="" />
            </Overload>
        </KeyWord>
        <KeyWord name="Run Keyword Unless" func="yes">
            <Overload retVal="" descr="">
                <Param name="" />
            </Overload>
        </KeyWord>
        <KeyWord name="Run Keyword" func="yes">
            <Overload retVal="" descr="">
                <Param name="" />
            </Overload>
        </KeyWord>
        <KeyWord name="Run Keywords" func="yes">
            <Overload retVal="" descr="">
                <Param name="" />
            </Overload>
        </KeyWord>
        <KeyWord name="Run Process" func="yes">
            <Overload retVal="" descr="">
                <Param name="" />
            </Overload>
        </KeyWord>
        <KeyWord name="Run" func="yes">
            <Overload retVal="" descr="">
                <Param name="" />
            </Overload>
        </KeyWord>
        <KeyWord name="Save Xml" func="yes">
            <Overload retVal="" descr="">
                <Param name="" />
            </Overload>
        </KeyWord>
        <KeyWord name="Send Signal To Process" func="yes">
            <Overload retVal="" descr="">
                <Param name="" />
            </Overload>
        </KeyWord>
        <KeyWord name="Set Default Log Level" func="yes">
            <Overload retVal="" descr="">
                <Param name="" />
            </Overload>
        </KeyWord>
        <KeyWord name="Set Element Attribute" func="yes">
            <Overload retVal="" descr="">
                <Param name="" />
            </Overload>
        </KeyWord>
        <KeyWord name="Set Element Tag" func="yes">
            <Overload retVal="" descr="">
                <Param name="" />
            </Overload>
        </KeyWord>
        <KeyWord name="Set Element Text" func="yes">
            <Overload retVal="" descr="">
                <Param name="" />
            </Overload>
        </KeyWord>
        <KeyWord name="Set Elements Attribute" func="yes">
            <Overload retVal="" descr="">
                <Param name="" />
            </Overload>
        </KeyWord>
        <KeyWord name="Set Elements Tag" func="yes">
            <Overload retVal="" descr="">
                <Param name="" />
            </Overload>
        </KeyWord>
        <KeyWord name="Set Elements Text" func="yes">
            <Overload retVal="" descr="">
                <Param name="" />
            </Overload>
        </KeyWord>
        <KeyWord name="Set Encoding" func="yes">
            <Overload retVal="" descr="">
                <Param name="" />
            </Overload>
        </KeyWord>
        <KeyWord name="Set Environment Variable" func="yes">
            <Overload retVal="" descr="">
                <Param name="" />
            </Overload>
        </KeyWord>
        <KeyWord name="Set Global Variable" func="yes">
            <Overload retVal="" descr="">
                <Param name="" />
            </Overload>
        </KeyWord>
        <KeyWord name="Set Library Search Order" func="yes">
            <Overload retVal="" descr="">
                <Param name="" />
            </Overload>
        </KeyWord>
        <KeyWord name="Set List Value" func="yes">
            <Overload retVal="" descr="">
                <Param name="" />
            </Overload>
        </KeyWord>
        <KeyWord name="Set Log Level" func="yes">
            <Overload retVal="" descr="">
                <Param name="" />
            </Overload>
        </KeyWord>
        <KeyWord name="Set Modified Time" func="yes">
            <Overload retVal="" descr="">
                <Param name="" />
            </Overload>
        </KeyWord>
        <KeyWord name="Set Newline" func="yes">
            <Overload retVal="" descr="">
                <Param name="" />
            </Overload>
        </KeyWord>
        <KeyWord name="Set Prompt" func="yes">
            <Overload retVal="" descr="">
                <Param name="" />
            </Overload>
        </KeyWord>
        <KeyWord name="Set Screenshot Directory" func="yes">
            <Overload retVal="" descr="">
                <Param name="" />
            </Overload>
        </KeyWord>
        <KeyWord name="Set Suite Documentation" func="yes">
            <Overload retVal="" descr="">
                <Param name="" />
            </Overload>
        </KeyWord>
        <KeyWord name="Set Suite Metadata" func="yes">
            <Overload retVal="" descr="">
                <Param name="" />
            </Overload>
        </KeyWord>
        <KeyWord name="Set Suite Variable" func="yes">
            <Overload retVal="" descr="">
                <Param name="" />
            </Overload>
        </KeyWord>
        <KeyWord name="Set Tags" func="yes">
            <Overload retVal="" descr="">
                <Param name="" />
            </Overload>
        </KeyWord>
        <KeyWord name="Set Telnetlib Log Level" func="yes">
            <Overload retVal="" descr="">
                <Param name="" />
            </Overload>
        </KeyWord>
        <KeyWord name="Set Test Documentation" func="yes">
            <Overload retVal="" descr="">
                <Param name="" />
            </Overload>
        </KeyWord>
        <KeyWord name="Set Test Message" func="yes">
            <Overload retVal="" descr="">
                <Param name="" />
            </Overload>
        </KeyWord>
        <KeyWord name="Set Test Variable" func="yes">
            <Overload retVal="" descr="">
                <Param name="" />
            </Overload>
        </KeyWord>
        <KeyWord name="Set Timeout" func="yes">
            <Overload retVal="" descr="">
                <Param name="" />
            </Overload>
        </KeyWord>
        <KeyWord name="Set To Dictionary" func="yes">
            <Overload retVal="" descr="">
                <Param name="" />
            </Overload>
        </KeyWord>
        <KeyWord name="Set Variable If" func="yes">
            <Overload retVal="" descr="">
                <Param name="" />
            </Overload>
        </KeyWord>
        <KeyWord name="Set Variable" func="yes">
            <Overload retVal="" descr="">
                <Param name="" />
            </Overload>
        </KeyWord>
        <KeyWord name="Should Be Byte String" func="yes">
            <Overload retVal="" descr="">
                <Param name="" />
            </Overload>
        </KeyWord>
        <KeyWord name="Should Be Empty" func="yes">
            <Overload retVal="" descr="">
                <Param name="" />
            </Overload>
        </KeyWord>
        <KeyWord name="Should Be Equal As Integers" func="yes">
            <Overload retVal="" descr="">
                <Param name="" />
            </Overload>
        </KeyWord>
        <KeyWord name="Should Be Equal As Numbers" func="yes">
            <Overload retVal="" descr="">
                <Param name="" />
            </Overload>
        </KeyWord>
        <KeyWord name="Should Be Equal As Strings" func="yes">
            <Overload retVal="" descr="">
                <Param name="" />
            </Overload>
        </KeyWord>
        <KeyWord name="Should Be Equal" func="yes">
            <Overload retVal="" descr="">
                <Param name="" />
            </Overload>
        </KeyWord>
        <KeyWord name="Should Be Equal" func="yes">
            <Overload retVal="" descr="">
                <Param name="" />
            </Overload>
        </KeyWord>
        <KeyWord name="Should Be Lowercase" func="yes">
            <Overload retVal="" descr="">
                <Param name="" />
            </Overload>
        </KeyWord>
        <KeyWord name="Should Be String" func="yes">
            <Overload retVal="" descr="">
                <Param name="" />
            </Overload>
        </KeyWord>
        <KeyWord name="Should Be Titlecase" func="yes">
            <Overload retVal="" descr="">
                <Param name="" />
            </Overload>
        </KeyWord>
        <KeyWord name="Should Be True" func="yes">
            <Overload retVal="" descr="">
                <Param name="" />
            </Overload>
        </KeyWord>
        <KeyWord name="Should Be True" func="yes">
            <Overload retVal="" descr="">
                <Param name="" />
            </Overload>
        </KeyWord>
        <KeyWord name="Should Be Unicode String" func="yes">
            <Overload retVal="" descr="">
                <Param name="" />
            </Overload>
        </KeyWord>
        <KeyWord name="Should Be Uppercase" func="yes">
            <Overload retVal="" descr="">
                <Param name="" />
            </Overload>
        </KeyWord>
        <KeyWord name="Should Contain Match" func="yes">
            <Overload retVal="" descr="">
                <Param name="" />
            </Overload>
        </KeyWord>
        <KeyWord name="Should Contain X Times" func="yes">
            <Overload retVal="" descr="">
                <Param name="" />
            </Overload>
        </KeyWord>
        <KeyWord name="Should Contain" func="yes">
            <Overload retVal="" descr="">
                <Param name="" />
            </Overload>
        </KeyWord>
        <KeyWord name="Should End With" func="yes">
            <Overload retVal="" descr="">
                <Param name="" />
            </Overload>
        </KeyWord>
        <KeyWord name="Should Exist" func="yes">
            <Overload retVal="" descr="">
                <Param name="" />
            </Overload>
        </KeyWord>
        <KeyWord name="Should Match Regexp" func="yes">
            <Overload retVal="" descr="">
                <Param name="" />
            </Overload>
        </KeyWord>
        <KeyWord name="Should Match" func="yes">
            <Overload retVal="" descr="">
                <Param name="" />
            </Overload>
        </KeyWord>
        <KeyWord name="Should Not Be Empty" func="yes">
            <Overload retVal="" descr="">
                <Param name="" />
            </Overload>
        </KeyWord>
        <KeyWord name="Should Not Be Equal As Integers" func="yes">
            <Overload retVal="" descr="">
                <Param name="" />
            </Overload>
        </KeyWord>
        <KeyWord name="Should Not Be Equal As Numbers" func="yes">
            <Overload retVal="" descr="">
                <Param name="" />
            </Overload>
        </KeyWord>
        <KeyWord name="Should Not Be Equal As Strings" func="yes">
            <Overload retVal="" descr="">
                <Param name="" />
            </Overload>
        </KeyWord>
        <KeyWord name="Should Not Be Equal" func="yes">
            <Overload retVal="" descr="">
                <Param name="" />
            </Overload>
        </KeyWord>
        <KeyWord name="Should Not Be Equal" func="yes">
            <Overload retVal="" descr="">
                <Param name="" />
            </Overload>
        </KeyWord>
        <KeyWord name="Should Not Be String" func="yes">
            <Overload retVal="" descr="">
                <Param name="" />
            </Overload>
        </KeyWord>
        <KeyWord name="Should Not Be True" func="yes">
            <Overload retVal="" descr="">
                <Param name="" />
            </Overload>
        </KeyWord>
        <KeyWord name="Should Not Be True" func="yes">
            <Overload retVal="" descr="">
                <Param name="" />
            </Overload>
        </KeyWord>
        <KeyWord name="Should Not Contain Match" func="yes">
            <Overload retVal="" descr="">
                <Param name="" />
            </Overload>
        </KeyWord>
        <KeyWord name="Should Not Contain" func="yes">
            <Overload retVal="" descr="">
                <Param name="" />
            </Overload>
        </KeyWord>
        <KeyWord name="Should Not End With" func="yes">
            <Overload retVal="" descr="">
                <Param name="" />
            </Overload>
        </KeyWord>
        <KeyWord name="Should Not Exist" func="yes">
            <Overload retVal="" descr="">
                <Param name="" />
            </Overload>
        </KeyWord>
        <KeyWord name="Should Not Match Regexp" func="yes">
            <Overload retVal="" descr="">
                <Param name="" />
            </Overload>
        </KeyWord>
        <KeyWord name="Should Not Match" func="yes">
            <Overload retVal="" descr="">
                <Param name="" />
            </Overload>
        </KeyWord>
        <KeyWord name="Should Not Start With" func="yes">
            <Overload retVal="" descr="">
                <Param name="" />
            </Overload>
        </KeyWord>
        <KeyWord name="Should Start With" func="yes">
            <Overload retVal="" descr="">
                <Param name="" />
            </Overload>
        </KeyWord>
        <KeyWord name="Sleep" func="yes">
            <Overload retVal="" descr="">
                <Param name="" />
            </Overload>
        </KeyWord>
        <KeyWord name="Sort List" func="yes">
            <Overload retVal="" descr="">
                <Param name="" />
            </Overload>
        </KeyWord>
        <KeyWord name="Split Command Line" func="yes">
            <Overload retVal="" descr="">
                <Param name="" />
            </Overload>
        </KeyWord>
        <KeyWord name="Split Extension" func="yes">
            <Overload retVal="" descr="">
                <Param name="" />
            </Overload>
        </KeyWord>
        <KeyWord name="Split Path" func="yes">
            <Overload retVal="" descr="">
                <Param name="" />
            </Overload>
        </KeyWord>
        <KeyWord name="Split String" func="yes">
            <Overload retVal="" descr="">
                <Param name="" />
            </Overload>
        </KeyWord>
        <KeyWord name="Split String From Right" func="yes">
            <Overload retVal="" descr="">
                <Param name="" />
            </Overload>
        </KeyWord>
        <KeyWord name="Split String To Characters" func="yes">
            <Overload retVal="" descr="">
                <Param name="" />
            </Overload>
        </KeyWord>
        <KeyWord name="Split To Lines" func="yes">
            <Overload retVal="" descr="">
                <Param name="" />
            </Overload>
        </KeyWord>
        <KeyWord name="Start Process" func="yes">
            <Overload retVal="" descr="">
                <Param name="" />
            </Overload>
        </KeyWord>
        <KeyWord name="Start Process" func="yes">
            <Overload retVal="" descr="">
                <Param name="" />
            </Overload>
        </KeyWord>
        <KeyWord name="Stop All Processes" func="yes">
            <Overload retVal="" descr="">
                <Param name="" />
            </Overload>
        </KeyWord>
        <KeyWord name="Stop Process" func="yes">
            <Overload retVal="" descr="">
                <Param name="" />
            </Overload>
        </KeyWord>
        <KeyWord name="Subtract Date From Date" func="yes">
            <Overload retVal="" descr="">
                <Param name="" />
            </Overload>
        </KeyWord>
        <KeyWord name="Subtract Time From Date" func="yes">
            <Overload retVal="" descr="">
                <Param name="" />
            </Overload>
        </KeyWord>
        <KeyWord name="Subtract Time From Time" func="yes">
            <Overload retVal="" descr="">
                <Param name="" />
            </Overload>
        </KeyWord>
        <KeyWord name="Switch Connection" func="yes">
            <Overload retVal="" descr="">
                <Param name="" />
            </Overload>
        </KeyWord>
        <KeyWord name="Switch Process" func="yes">
            <Overload retVal="" descr="">
                <Param name="" />
            </Overload>
        </KeyWord>
        <KeyWord name="Switch Process" func="yes">
            <Overload retVal="" descr="">
                <Param name="" />
            </Overload>
        </KeyWord>
        <KeyWord name="Take Screenshot Without Embedding" func="yes">
            <Overload retVal="" descr="">
                <Param name="" />
            </Overload>
        </KeyWord>
        <KeyWord name="Take Screenshot" func="yes">
            <Overload retVal="" descr="">
                <Param name="" />
            </Overload>
        </KeyWord>
        <KeyWord name="Terminate All Processes" func="yes">
            <Overload retVal="" descr="">
                <Param name="" />
            </Overload>
        </KeyWord>
        <KeyWord name="Terminate Process" func="yes">
            <Overload retVal="" descr="">
                <Param name="" />
            </Overload>
        </KeyWord>
        <KeyWord name="Touch" func="yes">
            <Overload retVal="" descr="">
                <Param name="" />
            </Overload>
        </KeyWord>
        <KeyWord name="Variable Should Exist" func="yes">
            <Overload retVal="" descr="">
                <Param name="" />
            </Overload>
        </KeyWord>
        <KeyWord name="Variable Should Not Exist" func="yes">
            <Overload retVal="" descr="">
                <Param name="" />
            </Overload>
        </KeyWord>
        <KeyWord name="Wait For Process" func="yes">
            <Overload retVal="" descr="">
                <Param name="" />
            </Overload>
        </KeyWord>
        <KeyWord name="Wait Until Created" func="yes">
            <Overload retVal="" descr="">
                <Param name="" />
            </Overload>
        </KeyWord>
        <KeyWord name="Wait Until Keyword Succeeds" func="yes">
            <Overload retVal="" descr="">
                <Param name="" />
            </Overload>
        </KeyWord>
        <KeyWord name="Wait Until Removed" func="yes">
            <Overload retVal="" descr="">
                <Param name="" />
            </Overload>
        </KeyWord>
        <KeyWord name="Write Bare" func="yes">
            <Overload retVal="" descr="">
                <Param name="" />
            </Overload>
        </KeyWord>
        <KeyWord name="Write Control Character" func="yes">
            <Overload retVal="" descr="">
                <Param name="" />
            </Overload>
        </KeyWord>
        <KeyWord name="Write Until Expected Output" func="yes">
            <Overload retVal="" descr="">
                <Param name="" />
            </Overload>
        </KeyWord>
        <KeyWord name="Write" func="yes">
            <Overload retVal="" descr="">
                <Param name="" />
            </Overload>
        </KeyWord>
    </AutoComplete>
</NotepadPlus>        
